id,date_dmy,population_group,ageunder16,age16_24,age25_34,age35_44,age45_54,age55_64,age65over,gender_male,gender_female,gender_transgender_non_binary_or_two_spirit,population_group_percentage
1,2018-01-01,All Population,1233,1111,1341,1560,1318,973,422,4963,2912,83,100.0%
2,2018-01-01,Chronic,223,346,313,403,505,495,247,1632,870,30,31.8%
3,2018-01-01,Refugees,914,241,414,547,204,66,22,1219,1177,12,30.3%
4,2018-01-01,Families,1232,187,276,411,130,23,18,968,1308,1,28.6%
5,2018-01-01,Youth,0,924,0,0,0,0,0,571,312,41,11.6%
6,2018-01-01,Single Adult,0,0,1065,1149,1188,950,404,3424,1292,41,59.8%
7,2018-01-01,Non-refugees,319,870,927,1013,1114,907,400,3744,1735,71,69.7%
8,2018-02-01,All Population,1271,1094,1392,1579,1399,965,432,5093,2959,80,100.0%
9,2018-02-01,Chronic,202,362,308,399,521,496,253,1652,862,27,31.2%
10,2018-02-01,Refugees,965,253,417,534,237,66,19,1264,1214,13,30.6%
11,2018-02-01,Families,1268,197,278,410,145,22,16,1007,1328,1,28.7%
12,2018-02-01,Youth,0,893,0,0,0,0,0,556,301,36,11.0%
13,2018-02-01,Single Adult,0,0,1114,1169,1254,943,416,3530,1330,43,60.3%
14,2018-02-01,Non-refugees,306,841,975,1045,1162,899,413,3829,1745,67,69.4%
15,2018-03-01,All Population,1414,1115,1487,1727,1460,969,435,5389,3133,85,100.0%
16,2018-03-01,Chronic,226,377,316,412,526,500,257,1696,889,29,30.4%
17,2018-03-01,Refugees,1121,250,468,634,259,72,22,1416,1392,18,32.8%
18,2018-03-01,Families,1412,210,320,491,164,28,11,1141,1495,0,30.6%
19,2018-03-01,Youth,0,905,0,0,0,0,0,573,291,41,10.5%
20,2018-03-01,Single Adult,0,0,1167,1236,1296,941,424,3675,1347,44,58.9%
21,2018-03-01,Non-refugees,293,865,1019,1093,1201,897,413,3973,1741,67,67.2%
22,2018-04-01,All Population,1615,1126,1554,1823,1476,983,456,5631,3312,90,100.0%
23,2018-04-01,Chronic,236,381,322,433,519,504,258,1716,901,36,29.4%
24,2018-04-01,Refugees,1321,258,515,703,280,71,22,1562,1590,18,35.1%
25,2018-04-01,Families,1613,217,361,557,166,26,13,1273,1680,0,32.7%
26,2018-04-01,Youth,0,909,0,0,0,0,0,573,293,43,10.1%
27,2018-04-01,Single Adult,0,0,1193,1266,1310,957,443,3785,1339,47,57.2%
28,2018-04-01,Non-refugees,294,868,1039,1120,1196,912,434,4069,1722,72,64.9%
29,2018-05-01,All Population,1830,1153,1644,1946,1502,985,456,5838,3583,95,100.0%
30,2018-05-01,Chronic,242,376,324,444,533,517,261,1731,933,33,28.3%
31,2018-05-01,Refugees,1552,290,602,840,312,74,24,1802,1876,16,38.8%
32,2018-05-01,Families,1828,231,396,666,194,27,11,1414,1934,2,35.2%
33,2018-05-01,Youth,0,921,0,0,0,0,0,570,305,46,9.7%
34,2018-05-01,Single Adult,0,0,1251,1280,1308,958,445,3854,1344,47,55.1%
35,2018-05-01,Non-refugees,278,863,1042,1106,1190,911,432,4036,1707,79,61.2%
36,2018-06-01,All Population,1937,1217,1726,1977,1526,979,461,5957,3765,101,100.0%
37,2018-06-01,Chronic,272,381,321,457,531,510,253,1742,946,37,27.7%
38,2018-06-01,Refugees,1639,323,654,892,333,77,29,1933,1998,16,40.2%
39,2018-06-01,Families,1937,265,422,698,208,27,11,1510,2056,2,36.3%
40,2018-06-01,Youth,0,950,0,0,0,0,0,578,321,51,9.7%
41,2018-06-01,Single Adult,0,0,1304,1279,1318,952,450,3869,1388,48,54.0%
42,2018-06-01,Non-refugees,298,894,1072,1085,1193,902,432,4024,1767,85,59.8%
43,2018-07-01,All Population,1835,1213,1678,1973,1479,967,457,5809,3697,96,100.0%
44,2018-07-01,Chronic,302,384,331,481,543,496,254,1760,994,37,29.1%
45,2018-07-01,Refugees,1499,327,624,854,309,82,30,1823,1886,16,38.8%
46,2018-07-01,Families,1831,259,388,670,197,30,12,1414,1972,1,35.3%
47,2018-07-01,Youth,0,953,0,0,0,0,0,579,323,51,9.9%
48,2018-07-01,Single Adult,0,0,1290,1303,1282,937,445,3816,1402,44,54.8%
49,2018-07-01,Non-refugees,336,886,1054,1119,1170,885,427,3986,1811,80,61.2%
50,2018-08-01,All Population,1810,1223,1662,1942,1480,978,462,5763,3701,93,100.0%
51,2018-08-01,Chronic,281,371,334,481,536,494,269,1762,971,33,28.9%
52,2018-08-01,Refugees,1413,333,612,812,319,89,24,1765,1824,13,37.7%
53,2018-08-01,Families,1806,289,417,642,211,32,14,1417,1994,0,35.7%
54,2018-08-01,Youth,0,934,0,0,0,0,0,555,327,52,9.8%
55,2018-08-01,Single Adult,0,0,1245,1300,1269,946,448,3791,1380,41,54.5%
56,2018-08-01,Non-refugees,397,890,1050,1130,1161,889,438,3998,1877,80,62.3%
57,2018-09-01,All Population,1721,1171,1604,1873,1487,1020,465,5696,3564,81,100.0%
58,2018-09-01,Chronic,244,362,331,472,548,497,262,1735,946,35,29.1%
59,2018-09-01,Refugees,1272,326,575,725,291,92,23,1657,1636,11,35.4%
60,2018-09-01,Families,1720,284,389,574,211,30,13,1362,1859,0,34.5%
61,2018-09-01,Youth,0,886,0,0,0,0,0,514,327,45,9.5%
62,2018-09-01,Single Adult,0,0,1215,1299,1276,990,452,3820,1378,36,56.0%
63,2018-09-01,Non-refugees,449,845,1029,1148,1196,928,442,4039,1928,70,64.6%
64,2018-10-01,All Population,1609,1180,1584,1819,1442,1033,477,5609,3448,87,100.0%
65,2018-10-01,Chronic,299,370,365,493,552,506,283,1819,1010,39,31.4%
66,2018-10-01,Refugees,1151,330,577,684,282,90,28,1596,1534,12,34.4%
67,2018-10-01,Families,1605,276,382,535,208,31,16,1278,1775,0,33.4%
68,2018-10-01,Youth,0,902,0,0,0,0,0,524,333,45,9.9%
69,2018-10-01,Single Adult,0,0,1202,1284,1234,1002,461,3807,1340,42,56.7%
70,2018-10-01,Non-refugees,458,850,1007,1135,1160,943,449,4013,1914,75,65.6%
71,2018-11-01,All Population,1656,1190,1713,1890,1573,1060,475,5899,3556,102,100.0%
72,2018-11-01,Chronic,286,368,354,488,557,517,270,1822,981,37,29.7%
73,2018-11-01,Refugees,1186,341,609,692,298,94,29,1663,1576,10,34.0%
74,2018-11-01,Families,1652,285,395,547,220,38,16,1334,1817,2,33.0%
75,2018-11-01,Youth,0,903,0,0,0,0,0,535,320,48,9.4%
76,2018-11-01,Single Adult,0,0,1318,1343,1353,1022,459,4030,1419,52,57.6%
77,2018-11-01,Non-refugees,470,849,1104,1198,1275,966,446,4236,1980,92,66.0%
78,2018-12-01,All Population,1708,1207,1794,1923,1602,1092,456,6046,3636,100,100.0%
79,2018-12-01,Chronic,292,371,379,488,578,522,276,1860,1009,37,29.7%
80,2018-12-01,Refugees,1213,357,607,697,301,91,28,1676,1608,10,33.7%
81,2018-12-01,Families,1708,300,410,570,222,33,15,1381,1876,1,33.3%
82,2018-12-01,Youth,0,906,0,0,0,0,0,544,317,45,9.3%
83,2018-12-01,Single Adult,0,0,1384,1353,1380,1059,441,4121,1443,54,57.4%
84,2018-12-01,Non-refugees,495,850,1187,1226,1301,1001,428,4370,2028,90,66.3%
85,2019-01-01,All Population,1738,1264,1806,1962,1672,1114,473,6183,3740,106,100.0%
86,2019-01-01,Chronic,369,394,384,505,589,534,278,1936,1076,41,30.4%
87,2019-01-01,Refugees,1217,382,558,700,324,98,30,1676,1620,13,33.0%
88,2019-01-01,Families,1672,313,372,567,224,35,14,1352,1843,2,31.9%
89,2019-01-01,Youth,0,950,0,0,0,0,0,567,339,44,9.5%
90,2019-01-01,Single Adult,0,0,1434,1395,1448,1079,459,4264,1558,60,58.6%
91,2019-01-01,Non-refugees,521,882,1248,1262,1348,1016,443,4507,2120,93,67.0%
92,2019-02-01,All Population,1676,1233,1777,1979,1659,1174,484,6125,3750,107,100.0%
93,2019-02-01,Chronic,379,394,378,510,593,554,275,1956,1087,40,30.9%
94,2019-02-01,Refugees,1179,348,540,689,306,106,34,1593,1597,12,32.1%
95,2019-02-01,Families,1602,298,379,556,219,34,16,1304,1798,2,31.1%
96,2019-02-01,Youth,0,935,0,0,0,0,0,547,342,46,9.4%
97,2019-02-01,Single Adult,0,0,1398,1423,1440,1140,468,4274,1610,59,59.5%
98,2019-02-01,Non-refugees,497,885,1237,1290,1353,1068,450,4532,2153,95,67.9%
99,2019-03-01,All Population,1687,1238,1804,2002,1654,1179,479,6161,3773,109,100.0%
100,2019-03-01,Chronic,441,412,407,552,617,574,284,2066,1182,39,32.7%
101,2019-03-01,Refugees,1182,339,540,673,317,89,31,1587,1571,13,31.6%
102,2019-03-01,Families,1614,292,392,538,226,27,17,1293,1812,1,30.9%
103,2019-03-01,Youth,0,945,0,0,0,0,0,560,338,47,9.4%
104,2019-03-01,Single Adult,0,0,1412,1464,1428,1152,462,4308,1623,61,59.7%
105,2019-03-01,Non-refugees,505,899,1264,1329,1337,1090,448,4574,2202,96,68.4%
106,2019-04-01,All Population,1730,1243,1815,1999,1680,1189,486,6230,3807,105,100.0%
107,2019-04-01,Chronic,431,408,415,562,631,577,284,2075,1193,40,32.6%
108,2019-04-01,Refugees,1208,330,522,699,337,93,30,1605,1600,14,31.7%
109,2019-04-01,Families,1650,292,391,565,237,31,16,1335,1846,1,31.4%
110,2019-04-01,Youth,0,951,0,0,0,0,0,571,333,47,9.4%
111,2019-04-01,Single Adult,0,0,1424,1434,1443,1158,470,4324,1628,57,59.2%
112,2019-04-01,Non-refugees,522,913,1293,1300,1343,1096,456,4625,2207,91,68.3%
113,2019-05-01,All Population,1772,1225,1820,2057,1639,1174,497,6246,3833,105,100.0%
114,2019-05-01,Chronic,461,406,429,573,631,590,292,2110,1230,42,33.2%
115,2019-05-01,Refugees,1248,328,539,745,347,86,30,1676,1634,13,32.6%
116,2019-05-01,Families,1703,274,408,589,246,31,16,1397,1869,1,32.1%
117,2019-05-01,Youth,0,950,0,0,0,0,0,563,338,49,9.3%
118,2019-05-01,Single Adult,0,0,1412,1468,1393,1143,481,4286,1626,55,58.6%
119,2019-05-01,Non-refugees,524,897,1281,1312,1292,1088,467,4570,2199,92,67.4%
120,2019-06-01,All Population,1725,1270,1845,2064,1582,1125,489,6189,3812,99,100.0%
121,2019-06-01,Chronic,484,393,430,584,612,588,297,2105,1246,37,33.5%
122,2019-06-01,Refugees,1241,352,552,787,343,88,29,1714,1663,15,33.6%
123,2019-06-01,Families,1654,272,382,571,230,32,15,1347,1808,1,31.2%
124,2019-06-01,Youth,0,998,0,0,0,0,0,585,367,46,9.9%
125,2019-06-01,Single Adult,0,0,1463,1493,1352,1093,474,4257,1637,52,58.9%
126,2019-06-01,Non-refugees,484,918,1293,1277,1239,1037,460,4475,2149,84,66.4%
127,2019-07-01,All Population,1657,1246,1714,1932,1464,1083,462,5854,3613,91,100.0%
128,2019-07-01,Chronic,439,403,401,584,616,574,297,2080,1194,40,34.7%
129,2019-07-01,Refugees,1187,341,541,762,335,95,25,1695,1580,11,34.4%
130,2019-07-01,Families,1586,260,363,531,217,37,13,1303,1703,1,31.5%
131,2019-07-01,Youth,0,984,0,0,0,0,0,594,347,43,10.3%
132,2019-07-01,Single Adult,0,0,1351,1401,1247,1046,449,3957,1563,47,58.2%
133,2019-07-01,Non-refugees,470,905,1173,1170,1129,988,437,4159,2033,80,65.6%
134,2019-08-01,All Population,1607,1220,1614,1891,1426,1096,468,5684,3549,89,100.0%
135,2019-08-01,Chronic,425,396,415,586,616,596,302,2084,1213,39,35.8%
136,2019-08-01,Refugees,1118,350,501,738,317,103,26,1589,1554,10,33.8%
137,2019-08-01,Families,1528,258,347,509,207,39,12,1229,1670,1,31.1%
138,2019-08-01,Youth,0,961,0,0,0,0,0,570,349,42,10.3%
139,2019-08-01,Single Adult,0,0,1267,1382,1219,1057,456,3885,1530,46,58.6%
140,2019-08-01,Non-refugees,489,870,1113,1153,1109,993,442,4095,1995,79,66.2%
141,2019-09-01,All Population,1559,1256,1549,1831,1413,1069,464,5574,3484,83,100.0%
142,2019-09-01,Chronic,423,398,402,587,603,597,289,2053,1207,39,36.1%
143,2019-09-01,Refugees,1057,380,496,709,318,105,29,1565,1519,10,33.8%
144,2019-09-01,Families,1471,266,330,497,202,39,12,1193,1624,0,30.8%
145,2019-09-01,Youth,0,989,0,0,0,0,0,582,371,36,10.8%
146,2019-09-01,Single Adult,0,0,1219,1334,1211,1030,452,3799,1489,47,58.4%
147,2019-09-01,Non-refugees,502,876,1053,1122,1095,964,435,4009,1965,73,66.2%
148,2019-10-01,All Population,1549,1219,1553,1890,1418,1106,471,5652,3466,88,100.0%
149,2019-10-01,Chronic,407,384,399,568,605,618,294,2054,1178,43,35.6%
150,2019-10-01,Refugees,1075,378,523,743,332,110,28,1619,1559,11,34.6%
151,2019-10-01,Families,1464,244,311,518,188,39,11,1182,1593,0,30.1%
152,2019-10-01,Youth,0,975,0,0,0,0,0,572,366,37,10.6%
153,2019-10-01,Single Adult,0,0,1242,1372,1230,1067,460,3898,1507,51,59.3%
154,2019-10-01,Non-refugees,474,841,1030,1147,1086,996,443,4033,1907,77,65.4%
155,2019-11-01,All Population,1475,1185,1642,2004,1495,1163,493,5834,3530,93,100.0%
156,2019-11-01,Chronic,390,390,424,595,600,622,299,2093,1184,43,35.1%
157,2019-11-01,Refugees,1021,359,534,743,333,119,24,1574,1549,10,33.1%
158,2019-11-01,Families,1395,226,297,499,173,38,10,1081,1557,0,27.9%
159,2019-11-01,Youth,0,957,0,0,0,0,0,572,350,35,10.1%
160,2019-11-01,Single Adult,0,0,1345,1505,1322,1125,483,4181,1623,58,62.0%
161,2019-11-01,Non-refugees,454,826,1108,1261,1162,1044,469,4260,1981,83,66.9%
162,2019-12-01,All Population,1480,1216,1786,2101,1590,1225,516,6102,3712,100,100.0%
163,2019-12-01,Chronic,396,418,459,622,622,638,304,2173,1242,44,34.9%
164,2019-12-01,Refugees,1034,377,562,759,343,129,25,1602,1616,11,32.6%
165,2019-12-01,Families,1401,232,316,484,176,42,10,1078,1583,0,26.8%
166,2019-12-01,Youth,0,983,0,0,0,0,0,585,360,38,9.9%
167,2019-12-01,Single Adult,0,0,1470,1617,1414,1183,506,4439,1769,62,63.2%
168,2019-12-01,Non-refugees,446,839,1224,1342,1247,1096,491,4500,2096,89,67.4%
169,2020-01-01,All Population,1440,1227,1793,2100,1614,1238,504,6083,3737,96,100.0%
170,2020-01-01,Chronic,429,432,461,635,630,653,307,2224,1281,42,35.0%
171,2020-01-01,Refugees,969,341,503,674,306,121,27,1403,1528,10,29.7%
172,2020-01-01,Families,1438,238,321,469,186,45,9,1083,1623,0,27.3%
173,2020-01-01,Youth,0,987,0,0,0,0,0,584,364,39,10.0%
174,2020-01-01,Single Adult,0,0,1472,1631,1428,1193,495,4416,1750,57,62.8%
175,2020-01-01,Non-refugees,471,886,1290,1426,1308,1117,477,4680,2209,86,70.3%
176,2020-02-01,All Population,1434,1185,1807,2102,1574,1221,511,6035,3695,104,100.0%
177,2020-02-01,Chronic,408,442,450,619,616,665,319,2219,1257,43,34.7%
178,2020-02-01,Refugees,961,334,486,688,303,104,26,1381,1514,7,29.5%
179,2020-02-01,Families,1434,226,331,467,180,39,9,1077,1609,0,27.3%
180,2020-02-01,Youth,0,957,0,0,0,0,0,567,354,36,9.7%
181,2020-02-01,Single Adult,0,0,1476,1635,1394,1182,502,4391,1732,68,63.0%
182,2020-02-01,Non-refugees,473,851,1321,1414,1271,1117,485,4654,2181,97,70.5%
183,2020-03-01,All Population,1380,1135,1799,2055,1599,1206,506,5965,3606,109,100.0%
184,2020-03-01,Chronic,424,441,462,635,630,640,315,2237,1268,42,35.8%
185,2020-03-01,Refugees,896,319,474,660,301,111,26,1350,1430,7,28.8%
186,2020-03-01,Families,1379,230,335,444,186,52,10,1102,1534,0,27.2%
187,2020-03-01,Youth,0,905,0,0,0,0,0,535,338,32,9.4%
188,2020-03-01,Single Adult,0,0,1464,1611,1413,1154,496,4328,1734,77,63.4%
189,2020-03-01,Non-refugees,484,816,1325,1395,1298,1095,480,4615,2176,102,71.2%
190,2020-04-01,All Population,1234,1050,1659,1859,1518,1126,489,5507,3330,98,100.0%
191,2020-04-01,Chronic,384,452,477,652,631,633,317,2252,1252,42,43.1%
192,2020-04-01,Refugees,767,282,430,576,281,95,21,1186,1260,6,30.5%
193,2020-04-01,Families,1226,223,339,425,212,66,23,1080,1431,3,31.2%
194,2020-04-01,Youth,0,829,0,0,0,0,0,495,307,27,10.3%
195,2020-04-01,Single Adult,0,0,1320,1434,1306,1060,466,3932,1592,68,58.5%
196,2020-04-01,Non-refugees,467,768,1229,1283,1237,1031,468,4321,2070,92,69.5%
197,2020-05-01,All Population,1093,964,1482,1669,1406,1117,476,5056,3051,100,100.0%
198,2020-05-01,Chronic,393,449,493,687,627,649,325,2299,1283,41,43.2%
199,2020-05-01,Refugees,684,259,363,498,254,91,23,1066,1099,7,26.5%
200,2020-05-01,Families,1037,193,299,370,212,72,34,984,1228,5,27.0%
201,2020-05-01,Youth,0,769,0,0,0,0,0,453,291,25,9.4%
202,2020-05-01,Single Adult,0,0,1183,1299,1194,1045,442,3619,1532,70,63.6%
203,2020-05-01,Non-refugees,409,705,1119,1171,1152,1026,453,3990,1952,93,73.5%
204,2020-06-01,All Population,993,889,1370,1569,1328,1053,466,4747,2822,99,100.0%
205,2020-06-01,Chronic,414,448,510,690,653,657,332,2350,1315,39,47.1%
206,2020-06-01,Refugees,599,229,319,441,225,77,27,961,945,11,25.0%
207,2020-06-01,Families,961,187,256,366,209,70,40,940,1144,5,27.2%
208,2020-06-01,Youth,0,701,0,0,0,0,0,413,259,29,9.1%
209,2020-06-01,Single Adult,0,0,1114,1203,1119,983,426,3394,1419,65,63.6%
210,2020-06-01,Non-refugees,394,660,1051,1128,1103,976,439,3786,1877,88,75.0%
211,2020-07-01,All Population,911,878,1414,1548,1294,1037,470,4690,2760,102,100.0%
212,2020-07-01,Chronic,415,439,498,677,655,663,330,2351,1288,38,47.6%
213,2020-07-01,Refugees,498,209,274,366,195,75,26,828,804,11,21.8%
214,2020-07-01,Families,897,176,244,347,186,64,37,865,1080,6,25.8%
215,2020-07-01,Youth,0,693,0,0,0,0,0,403,261,29,9.2%
216,2020-07-01,Single Adult,0,0,1170,1201,1108,973,433,3422,1419,67,65.0%
217,2020-07-01,Non-refugees,413,669,1140,1182,1099,962,444,3862,1956,91,78.2%
218,2020-08-01,All Population,879,891,1459,1552,1304,1032,463,4707,2766,107,100.0%
219,2020-08-01,Chronic,440,446,516,715,686,658,321,2416,1319,47,50.6%
220,2020-08-01,Refugees,449,191,250,330,178,65,24,757,718,12,19.6%
221,2020-08-01,Families,872,186,243,323,169,57,31,831,1045,5,24.8%
222,2020-08-01,Youth,0,697,0,0,0,0,0,409,261,27,9.2%
223,2020-08-01,Single Adult,0,0,1216,1229,1135,975,432,3467,1460,75,66.0%
224,2020-08-01,Non-refugees,430,700,1209,1222,1126,967,439,3950,2048,95,80.4%
225,2020-09-01,All Population,806,895,1434,1554,1310,1080,493,4709,2757,106,100.0%
226,2020-09-01,Chronic,377,411,540,715,709,690,334,2431,1299,46,49.9%
227,2020-09-01,Refugees,381,191,257,311,176,70,26,755,642,15,18.7%
228,2020-09-01,Families,803,175,217,259,119,31,11,662,952,1,21.3%
229,2020-09-01,Youth,0,713,0,0,0,0,0,427,267,19,9.4%
230,2020-09-01,Single Adult,0,0,1217,1295,1191,1049,482,3620,1538,86,69.3%
231,2020-09-01,Non-refugees,425,704,1177,1243,1134,1010,467,3954,2115,91,81.4%
232,2020-10-01,All Population,764,891,1385,1519,1319,1110,518,4721,2679,106,100.0%
233,2020-10-01,Chronic,301,382,541,701,709,707,354,2418,1232,45,49.2%
234,2020-10-01,Refugees,305,170,229,268,157,63,23,652,550,13,16.2%
235,2020-10-01,Families,735,169,194,218,110,26,11,587,875,1,19.5%
236,2020-10-01,Youth,0,721,0,0,0,0,0,433,265,23,9.6%
237,2020-10-01,Single Adult,0,0,1191,1301,1209,1084,507,3701,1539,82,70.9%
238,2020-10-01,Non-refugees,459,721,1156,1251,1162,1047,495,4069,2129,93,83.8%
239,2020-11-01,All Population,710,889,1429,1572,1347,1135,504,4814,2663,109,100.0%
240,2020-11-01,Chronic,238,365,497,675,706,723,348,2358,1146,48,46.8%
241,2020-11-01,Refugees,258,163,215,240,139,63,18,600,483,13,14.5%
242,2020-11-01,Families,679,174,184,185,105,26,6,553,806,0,17.9%
243,2020-11-01,Youth,0,714,0,0,0,0,0,431,260,23,9.4%
244,2020-11-01,Single Adult,0,0,1245,1387,1242,1109,498,3830,1597,86,72.7%
245,2020-11-01,Non-refugees,452,726,1214,1332,1208,1072,486,4214,2180,96,85.6%
246,2020-12-01,All Population,661,887,1474,1616,1382,1184,537,4977,2649,115,100.0%
247,2020-12-01,Chronic,205,357,496,684,710,726,355,2353,1128,52,45.6%
248,2020-12-01,Refugees,226,160,197,226,132,63,20,570,442,12,13.2%
249,2020-12-01,Families,633,158,177,178,100,33,9,537,751,0,16.6%
250,2020-12-01,Youth,0,729,0,0,0,0,0,440,264,25,9.4%
251,2020-12-01,Single Adult,0,0,1297,1438,1282,1151,528,4000,1634,90,73.9%
252,2020-12-01,Non-refugees,435,727,1277,1390,1250,1121,517,4407,2207,103,86.8%
253,2021-01-01,All Population,619,892,1501,1664,1403,1204,546,5037,2662,130,100.0%
254,2021-01-01,Chronic,203,342,509,685,710,742,359,2349,1143,58,45.3%
255,2021-01-01,Refugees,219,153,190,216,131,70,16,564,418,13,12.7%
256,2021-01-01,Families,601,147,169,182,99,31,10,510,729,0,15.8%
257,2021-01-01,Youth,0,752,0,0,0,0,0,448,273,31,9.6%
258,2021-01-01,Single Adult,0,0,1332,1482,1304,1173,536,4079,1660,99,74.6%
259,2021-01-01,Non-refugees,400,739,1311,1448,1272,1134,530,4473,2244,117,87.3%
260,2021-01-01,Indigenous,6,96,254,240,189,85,25,540,320,35,11.4%
261,2021-02-01,All Population,609,884,1528,1698,1397,1202,553,5079,2650,142,100.0%
262,2021-02-01,Chronic,220,332,520,694,716,751,368,2382,1158,61,45.8%
263,2021-02-01,Refugees,223,148,193,215,131,69,17,562,421,13,12.7%
264,2021-02-01,Families,590,139,156,192,101,33,10,513,708,0,15.5%
265,2021-02-01,Youth,0,743,0,0,0,0,0,439,268,36,9.4%
266,2021-02-01,Single Adult,0,0,1372,1506,1296,1169,543,4127,1674,106,75.0%
267,2021-02-01,Non-refugees,386,736,1335,1483,1266,1133,536,4517,2229,129,87.3%
268,2021-02-01,Indigenous,5,100,266,260,182,84,30,554,335,38,11.8%
269,2021-03-01,All Population,584,863,1530,1656,1387,1186,539,4996,2593,156,100.0%
270,2021-03-01,Chronic,222,320,521,713,721,757,361,2389,1165,61,46.7%
271,2021-03-01,Refugees,227,141,180,204,126,68,15,545,406,10,12.4%
272,2021-03-01,Families,570,127,157,183,90,31,7,485,679,1,15.0%
273,2021-03-01,Youth,0,735,0,0,0,0,0,433,258,44,9.5%
274,2021-03-01,Single Adult,0,0,1373,1473,1297,1155,532,4078,1656,111,75.5%
275,2021-03-01,Non-refugees,357,722,1350,1452,1261,1118,524,4451,2187,146,87.6%
276,2021-03-01,Indigenous,3,99,267,246,181,86,30,537,333,42,11.8%
277,2021-04-01,All Population,573,906,1442,1568,1366,1133,528,4784,2570,162,100.0%
278,2021-04-01,Chronic,217,312,528,716,751,747,356,2388,1177,62,48.3%
279,2021-04-01,Refugees,223,145,182,192,117,65,15,534,395,10,12.5%
280,2021-04-01,Families,559,134,159,173,93,32,7,485,671,1,15.4%
281,2021-04-01,Youth,0,771,0,0,0,0,0,446,276,49,10.3%
282,2021-04-01,Single Adult,0,0,1283,1395,1273,1101,521,3853,1623,112,74.3%
283,2021-04-01,Non-refugees,350,761,1260,1376,1249,1068,513,4250,2175,152,87.5%
284,2021-04-01,Indigenous,4,94,260,223,173,78,29,501,318,42,11.5%
285,2021-05-01,All Population,569,901,1490,1593,1378,1114,530,4816,2607,152,100.0%
286,2021-05-01,Chronic,230,308,567,751,770,750,363,2451,1224,64,49.4%
287,2021-05-01,Refugees,220,144,183,193,124,58,17,534,396,9,12.4%
288,2021-05-01,Families,562,132,165,170,88,38,10,486,686,1,15.5%
289,2021-05-01,Youth,0,769,0,0,0,0,0,452,271,46,10.2%
290,2021-05-01,Single Adult,0,0,1325,1423,1290,1079,520,3878,1650,105,74.4%
291,2021-05-01,Non-refugees,349,757,1307,1400,1254,1056,513,4282,2211,143,87.6%
292,2021-05-01,Indigenous,7,94,258,244,180,77,28,501,349,38,11.7%
293,2021-06-01,All Population,618,979,1570,1725,1454,1140,551,5101,2775,161,100.0%
294,2021-06-01,Chronic,226,326,576,778,800,763,371,2521,1252,67,47.8%
295,2021-06-01,Refugees,244,152,189,201,128,68,16,549,439,10,12.4%
296,2021-06-01,Families,611,152,166,194,102,42,9,527,747,2,15.9%
297,2021-06-01,Youth,0,826,0,0,0,0,0,484,294,48,10.3%
298,2021-06-01,Single Adult,0,0,1404,1531,1352,1098,542,4090,1734,111,73.8%
299,2021-06-01,Non-refugees,374,827,1381,1524,1326,1072,535,4552,2336,151,87.6%
300,2021-06-01,Indigenous,3,104,261,263,194,85,26,541,355,40,11.6%
301,2021-07-01,All Population,673,972,1636,1794,1497,1185,565,5274,2889,159,100.0%
302,2021-07-01,Chronic,247,317,585,796,812,766,381,2565,1270,69,46.9%
303,2021-07-01,Refugees,258,150,187,203,124,74,18,557,446,11,12.2%
304,2021-07-01,Families,671,143,177,208,99,46,12,553,803,0,16.3%
305,2021-07-01,Youth,0,829,0,0,0,0,0,492,288,49,10.0%
306,2021-07-01,Single Adult,0,0,1459,1586,1398,1139,553,4229,1798,110,73.7%
307,2021-07-01,Non-refugees,415,822,1449,1591,1373,1111,547,4717,2443,148,87.8%
308,2021-07-01,Indigenous,5,108,264,272,199,101,23,561,370,41,11.7%
309,2021-08-01,All Population,701,972,1711,1813,1490,1211,581,5368,2958,153,100.0%
310,2021-08-01,Chronic,237,340,584,802,802,763,387,2571,1274,70,46.2%
311,2021-08-01,Refugees,254,143,188,198,113,78,21,541,444,10,11.7%
312,2021-08-01,Families,686,147,191,206,87,47,14,564,812,2,16.3%
313,2021-08-01,Youth,0,823,0,0,0,0,0,481,294,48,9.7%
314,2021-08-01,Single Adult,0,0,1520,1607,1403,1164,567,4323,1852,103,74.0%
315,2021-08-01,Non-refugees,447,829,1523,1615,1377,1133,560,4827,2514,143,88.3%
316,2021-08-01,Indigenous,5,114,283,271,204,98,27,586,373,43,11.8%
317,2021-09-01,All Population,787,1011,1706,1882,1519,1262,593,5524,3083,153,100.0%
318,2021-09-01,Chronic,230,347,590,828,801,771,391,2600,1286,72,45.2%
319,2021-09-01,Refugees,312,161,218,236,121,78,23,613,525,11,13.1%
320,2021-09-01,Families,772,168,204,241,101,48,14,631,915,2,17.7%
321,2021-09-01,Youth,0,842,0,0,0,0,0,495,297,50,9.6%
322,2021-09-01,Single Adult,0,0,1502,1641,1418,1214,579,4398,1871,101,72.7%
323,2021-09-01,Non-refugees,475,850,1488,1646,1398,1184,570,4911,2558,142,86.9%
324,2021-09-01,Indigenous,8,122,272,282,208,102,32,599,379,48,11.7%
325,2021-10-01,All Population,847,1052,1744,1921,1535,1298,595,5665,3175,152,100.0%
326,2021-10-01,Chronic,237,362,592,832,806,781,400,2630,1307,73,44.6%
327,2021-10-01,Refugees,364,182,249,270,133,78,25,691,599,11,14.5%
328,2021-10-01,Families,839,190,227,259,115,54,16,703,996,1,18.9%
329,2021-10-01,Youth,0,861,0,0,0,0,0,508,301,52,9.6%
330,2021-10-01,Single Adult,0,0,1517,1662,1420,1244,579,4454,1878,99,71.5%
331,2021-10-01,Non-refugees,483,870,1495,1651,1402,1220,570,4974,2576,141,85.5%
332,2021-10-01,Indigenous,6,134,265,308,204,104,32,628,381,44,11.7%
333,2021-11-01,All Population,849,1060,1771,1982,1579,1342,616,5815,3235,149,100.0%
334,2021-11-01,Chronic,231,371,632,854,831,789,423,2704,1348,79,44.9%
335,2021-11-01,Refugees,362,187,274,282,143,79,22,715,624,10,14.7%
336,2021-11-01,Families,846,205,224,281,122,57,19,727,1026,1,19.1%
337,2021-11-01,Youth,0,855,0,0,0,0,0,492,310,53,9.3%
338,2021-11-01,Single Adult,0,0,1547,1701,1457,1285,597,4596,1899,95,71.6%
339,2021-11-01,Non-refugees,487,873,1497,1700,1436,1263,594,5100,2611,139,85.3%
340,2021-11-01,Indigenous,6,122,259,314,223,114,32,644,381,45,11.6%
341,2021-12-01,All Population,901,1054,1742,1991,1587,1343,637,5813,3294,148,100.0%
342,2021-12-01,Chronic,269,385,632,875,844,819,434,2755,1420,83,46.0%
343,2021-12-01,Refugees,415,204,311,330,167,80,23,798,718,14,16.5%
344,2021-12-01,Families,888,200,234,302,133,50,20,760,1065,2,19.7%
345,2021-12-01,Youth,0,850,0,0,0,0,0,480,315,55,9.2%
346,2021-12-01,Single Adult,0,0,1508,1689,1454,1293,617,4573,1914,91,71.1%
347,2021-12-01,Non-refugees,486,850,1431,1661,1420,1263,614,5015,2576,134,83.5%
348,2021-12-01,Indigenous,5,126,244,301,217,118,32,624,374,45,11.3%
349,2022-01-01,All Population,909,1055,1796,2011,1625,1362,652,5897,3346,167,100.0%
350,2022-01-01,Chronic,283,385,659,902,851,835,450,2810,1466,89,46.4%
351,2022-01-01,Refugees,470,229,343,382,192,83,27,895,816,15,18.3%
352,2022-01-01,Families,896,204,236,320,133,52,20,765,1095,1,19.8%
353,2022-01-01,Youth,0,851,0,0,0,0,0,479,310,62,9.0%
354,2022-01-01,Single Adult,0,0,1560,1691,1492,1310,632,4653,1941,104,71.2%
355,2022-01-01,Non-refugees,439,826,1453,1629,1433,1279,625,5002,2530,152,81.7%
356,2022-01-01,Indigenous,5,127,264,313,227,127,35,666,380,52,11.7%
357,2022-02-01,All Population,920,1096,1802,2041,1671,1374,655,6002,3393,164,100.0%
358,2022-02-01,Chronic,314,388,678,925,889,865,449,2912,1508,88,47.2%
359,2022-02-01,Refugees,487,261,365,393,212,87,28,959,858,16,19.2%
360,2022-02-01,Families,912,213,244,325,149,43,18,783,1120,1,19.9%
361,2022-02-01,Youth,0,882,0,0,0,0,0,488,330,64,9.2%
362,2022-02-01,Single Adult,0,0,1558,1716,1522,1331,637,4731,1943,99,70.9%
363,2022-02-01,Non-refugees,433,835,1437,1648,1459,1287,627,5043,2535,148,80.8%
364,2022-02-01,Indigenous,6,134,277,337,242,126,37,712,397,50,12.1%
365,2022-03-01,All Population,1012,1165,1850,2141,1694,1410,661,6187,3584,162,100.0%
366,2022-03-01,Chronic,345,417,687,953,930,906,448,2998,1598,90,47.2%
367,2022-03-01,Refugees,582,312,396,441,241,96,31,1082,1003,14,21.1%
368,2022-03-01,Families,1006,248,260,362,169,52,18,886,1226,3,21.3%
369,2022-03-01,Youth,0,913,0,0,0,0,0,511,342,60,9.2%
370,2022-03-01,Single Adult,0,0,1590,1779,1525,1358,643,4790,2016,99,69.5%
371,2022-03-01,Non-refugees,430,853,1454,1700,1453,1314,630,5105,2581,148,78.9%
372,2022-03-01,Indigenous,6,140,289,358,232,126,42,724,415,54,12.0%
373,2022-04-01,All Population,1053,1175,1821,2098,1696,1408,662,6173,3585,155,100.0%
374,2022-04-01,Chronic,364,441,683,983,954,916,437,3044,1645,89,48.2%
375,2022-04-01,Refugees,631,333,418,467,272,109,33,1169,1079,15,22.8%
376,2022-04-01,Families,1045,267,275,369,182,53,17,947,1258,3,22.3%
377,2022-04-01,Youth,0,908,0,0,0,0,0,503,351,54,9.2%
378,2022-04-01,Single Adult,0,0,1546,1729,1514,1355,645,4723,1976,98,68.6%
379,2022-04-01,Non-refugees,422,842,1403,1631,1424,1299,629,5004,2506,140,77.2%
380,2022-04-01,Indigenous,3,121,285,358,217,126,43,708,394,51,11.6%
381,2022-05-01,All Population,1073,1180,1779,1978,1685,1372,665,6004,3580,148,100.0%
382,2022-05-01,Chronic,392,478,697,956,978,927,457,3090,1709,86,50.2%
383,2022-05-01,Refugees,655,355,464,465,297,105,38,1243,1126,10,24.4%
384,2022-05-01,Families,1064,272,279,379,196,51,19,977,1282,1,23.2%
385,2022-05-01,Youth,0,907,0,0,0,0,0,499,353,55,9.3%
386,2022-05-01,Single Adult,0,0,1500,1599,1489,1321,646,4528,1945,92,67.5%
387,2022-05-01,Non-refugees,418,825,1315,1513,1388,1267,627,4761,2454,138,75.6%
388,2022-05-01,Indigenous,3,122,278,337,225,127,38,689,396,45,11.6%
389,2022-06-01,All Population,1091,1193,1808,1972,1668,1346,674,5966,3636,150,100.0%
390,2022-06-01,Chronic,415,482,698,961,985,911,464,3105,1716,95,50.4%
391,2022-06-01,Refugees,675,360,494,483,292,106,39,1281,1156,12,25.1%
392,2022-06-01,Families,1052,261,289,366,187,44,19,963,1253,2,22.7%
393,2022-06-01,Youth,0,932,0,0,0,0,0,501,375,56,9.6%
394,2022-06-01,Single Adult,0,0,1519,1606,1481,1302,655,4502,2008,92,67.7%
395,2022-06-01,Non-refugees,416,833,1314,1489,1376,1240,635,4685,2480,138,74.9%
396,2022-06-01,Indigenous,3,125,265,325,232,120,33,652,410,41,11.3%
397,2022-07-01,All Population,1125,1165,1841,1989,1652,1322,674,5920,3701,147,100.0%
398,2022-07-01,Chronic,408,495,682,952,981,907,476,3094,1715,92,50.2%
399,2022-07-01,Refugees,696,374,573,540,303,113,39,1362,1264,12,27.0%
400,2022-07-01,Families,1088,265,287,381,186,48,19,971,1301,2,23.3%
401,2022-07-01,Youth,0,899,0,0,0,0,0,481,366,52,9.2%
402,2022-07-01,Single Adult,0,0,1554,1608,1466,1274,655,4468,2034,93,67.5%
403,2022-07-01,Non-refugees,429,791,1268,1449,1349,1209,635,4558,2437,135,73.0%
404,2022-07-01,Indigenous,2,118,247,307,224,100,36,607,388,39,10.6%
405,2022-08-01,All Population,1114,1156,1818,2019,1619,1323,675,5917,3658,149,100.0%
406,2022-08-01,Chronic,388,511,689,949,973,912,477,3087,1723,89,50.4%
407,2022-08-01,Refugees,699,379,630,622,321,124,38,1465,1333,15,28.9%
408,2022-08-01,Families,1078,252,271,403,187,48,18,980,1275,2,23.2%
409,2022-08-01,Youth,0,904,0,0,0,0,0,485,361,58,9.3%
410,2022-08-01,Single Adult,0,0,1547,1616,1432,1275,657,4452,2022,89,67.5%
411,2022-08-01,Non-refugees,415,777,1188,1397,1298,1199,637,4452,2325,134,71.1%
412,2022-08-01,Indigenous,3,116,226,286,204,103,33,580,354,37,10.0%
413,2022-09-01,All Population,1126,1158,1802,2013,1638,1301,652,5855,3688,147,100.0%
414,2022-09-01,Chronic,442,527,700,959,985,895,470,3131,1755,92,51.4%
415,2022-09-01,Refugees,702,413,686,673,336,124,42,1522,1437,17,30.7%
416,2022-09-01,Families,1095,244,262,386,176,42,16,939,1280,2,22.9%
417,2022-09-01,Youth,0,914,0,0,0,0,0,496,358,60,9.4%
418,2022-09-01,Single Adult,0,0,1540,1627,1462,1259,636,4420,2050,85,67.6%
419,2022-09-01,Non-refugees,424,745,1116,1340,1302,1177,610,4333,2251,130,69.3%
420,2022-09-01,Indigenous,2,111,206,260,205,100,31,548,335,32,9.4%
421,2022-10-01,All Population,1155,1132,1854,1991,1597,1263,630,5810,3662,150,100.0%
422,2022-10-01,Chronic,426,520,705,947,962,898,468,3103,1730,93,51.2%
423,2022-10-01,Refugees,728,425,743,700,351,117,45,1600,1491,18,32.3%
424,2022-10-01,Families,1132,242,280,368,176,45,17,948,1310,2,23.5%
425,2022-10-01,Youth,0,889,0,0,0,0,0,479,349,61,9.2%
426,2022-10-01,Single Adult,0,0,1574,1623,1421,1218,613,4383,2003,87,67.3%
427,2022-10-01,Non-refugees,427,707,1111,1291,1246,1146,585,4210,2171,132,67.7%
428,2022-10-01,Indigenous,2,106,219,246,195,99,28,536,328,31,9.3%
429,2022-11-01,All Population,1134,1139,1905,2025,1627,1255,626,5904,3662,145,100.0%
430,2022-11-01,Chronic,391,516,720,935,971,893,472,3100,1707,91,50.4%
431,2022-11-01,Refugees,717,437,785,710,375,114,47,1656,1512,17,32.8%
432,2022-11-01,Families,1117,248,274,367,188,43,18,949,1304,2,23.2%
433,2022-11-01,Youth,0,889,0,0,0,0,0,492,338,59,9.2%
434,2022-11-01,Single Adult,0,0,1631,1658,1439,1212,608,4463,2020,84,67.6%
435,2022-11-01,Non-refugees,417,702,1120,1315,1252,1141,579,4248,2150,128,67.2%
436,2022-11-01,Indigenous,2,97,211,263,196,103,25,549,321,27,9.2%
437,2022-12-01,All Population,1273,1234,2096,2190,1690,1304,621,6337,3919,152,100.0%
438,2022-12-01,Chronic,379,518,740,947,947,896,468,3088,1720,87,47.0%
439,2022-12-01,Refugees,803,497,893,784,385,122,46,1869,1643,18,33.9%
440,2022-12-01,Families,1251,290,330,414,186,41,17,1082,1445,2,24.3%
441,2022-12-01,Youth,0,936,0,0,0,0,0,523,353,60,9.0%
442,2022-12-01,Single Adult,0,0,1766,1776,1504,1263,604,4732,2121,90,66.7%
443,2022-12-01,Non-refugees,470,737,1203,1406,1305,1182,575,4468,2276,134,66.1%
444,2022-12-01,Indigenous,3,99,243,280,218,103,32,606,339,33,9.4%
445,2023-01-01,All Population,1272,1242,2232,2262,1730,1352,612,6511,4018,173,100.0%
446,2023-01-01,Chronic,387,501,819,992,953,906,457,3140,1784,91,46.9%
447,2023-01-01,Refugees,795,502,934,786,392,126,40,1914,1641,20,33.4%
448,2023-01-01,Families,1245,281,326,417,184,39,16,1068,1437,3,23.4%
449,2023-01-01,Youth,0,959,0,0,0,0,0,538,354,67,9.0%
450,2023-01-01,Single Adult,0,0,1906,1845,1546,1313,596,4905,2227,103,67.6%
451,2023-01-01,Non-refugees,477,740,1298,1476,1338,1226,572,4597,2377,153,66.6%
452,2023-01-01,Indigenous,2,99,249,309,219,107,33,627,353,38,9.5%
453,2023-02-01,All Population,1231,1233,2294,2351,1751,1385,604,6638,4030,181,100.0%
454,2023-02-01,Chronic,373,477,827,1032,952,903,437,3146,1761,94,46.1%
455,2023-02-01,Refugees,759,517,947,805,395,131,38,1954,1618,20,33.1%
456,2023-02-01,Families,1213,268,318,423,177,42,17,1056,1400,2,22.7%
457,2023-02-01,Youth,0,963,0,0,0,0,0,543,353,67,8.9%
458,2023-02-01,Single Adult,0,0,1976,1928,1574,1343,587,5039,2277,112,68.5%
459,2023-02-01,Non-refugees,472,716,1347,1546,1356,1254,566,4684,2412,161,66.9%
460,2023-02-01,Indigenous,2,99,253,350,226,110,27,661,364,42,9.8%
461,2023-03-01,All Population,1237,1237,2298,2351,1714,1369,605,6614,4017,180,100.0%
462,2023-03-01,Chronic,380,488,849,1067,960,907,440,3196,1805,90,47.1%
463,2023-03-01,Refugees,764,537,962,811,386,130,43,1981,1630,22,33.6%
464,2023-03-01,Families,1224,265,330,433,165,41,17,1055,1419,1,22.9%
465,2023-03-01,Youth,0,971,0,0,0,0,0,543,367,61,9.0%
466,2023-03-01,Single Adult,0,0,1968,1918,1549,1328,588,5016,2231,118,68.1%
467,2023-03-01,Non-refugees,473,700,1336,1540,1328,1239,562,4633,2387,158,66.4%
468,2023-03-01,Indigenous,4,109,263,333,226,113,30,661,376,41,10.0%
469,2023-04-01,All Population,1225,1249,2244,2252,1639,1306,600,6426,3912,177,100.0%
470,2023-04-01,Chronic,394,482,832,1050,937,875,447,3159,1775,83,47.7%
471,2023-04-01,Refugees,779,571,974,794,384,122,39,2001,1641,21,34.8%
472,2023-04-01,Families,1215,261,325,421,160,39,11,1041,1389,2,23.1%
473,2023-04-01,Youth,0,986,0,0,0,0,0,550,373,63,9.4%
474,2023-04-01,Single Adult,0,0,1919,1831,1479,1267,589,4835,2150,112,67.5%
475,2023-04-01,Non-refugees,446,678,1270,1458,1255,1184,561,4425,2271,156,65.2%
476,2023-04-01,Indigenous,6,107,243,323,207,105,32,628,353,42,9.7%
477,2023-05-01,All Population,1242,1272,2275,2219,1587,1258,600,6396,3891,166,100.0%
478,2023-05-01,Chronic,392,472,815,1017,929,849,443,3107,1729,81,47.0%
479,2023-05-01,Refugees,779,635,1093,849,401,118,39,2187,1708,19,37.4%
480,2023-05-01,Families,1230,257,329,435,157,37,13,1063,1393,2,23.5%
481,2023-05-01,Youth,0,1015,0,0,0,0,0,577,384,54,9.7%
482,2023-05-01,Single Adult,0,0,1946,1784,1430,1221,587,4756,2114,110,66.8%
483,2023-05-01,Non-refugees,463,637,1182,1370,1186,1140,561,4209,2183,147,62.6%
484,2023-05-01,Indigenous,9,94,233,310,194,101,31,601,333,38,9.3%
485,2023-06-01,All Population,1282,1310,2280,2191,1581,1200,574,6331,3934,153,100.0%
486,2023-06-01,Chronic,528,511,835,1024,942,833,438,3195,1836,80,49.1%
487,2023-06-01,Refugees,780,683,1178,931,435,127,37,2335,1817,19,40.0%
488,2023-06-01,Families,1272,277,342,441,168,40,14,1124,1429,1,24.5%
489,2023-06-01,Youth,0,1033,0,0,0,0,0,589,393,51,9.9%
490,2023-06-01,Single Adult,0,0,1938,1750,1413,1160,560,4618,2112,101,65.6%
491,2023-06-01,Non-refugees,502,627,1102,1260,1146,1073,537,3996,2117,134,60.0%
492,2023-06-01,Indigenous,10,80,208,272,167,92,26,533,292,30,8.2%
493,2023-07-01,All Population,1279,1314,2208,2131,1502,1124,552,6058,3910,142,100.0%
494,2023-07-01,Chronic,559,530,868,1031,933,796,428,3198,1863,84,50.9%
495,2023-07-01,Refugees,787,720,1242,983,455,130,37,2398,1934,22,43.1%
496,2023-07-01,Families,1267,284,331,448,172,41,14,1121,1434,2,25.3%
497,2023-07-01,Youth,0,1029,0,0,0,0,0,582,399,48,10.2%
498,2023-07-01,Single Adult,0,0,1877,1683,1330,1083,538,4355,2077,92,64.5%
499,2023-07-01,Non-refugees,492,594,966,1148,1047,994,515,3660,1976,120,56.9%
500,2023-07-01,Indigenous,9,80,167,235,151,83,24,464,259,26,7.4%
501,2023-08-01,All Population,1262,1292,2223,2128,1459,1091,533,5968,3892,128,100.0%
502,2023-08-01,Chronic,619,554,932,1076,944,795,418,3294,1962,82,53.4%
503,2023-08-01,Refugees,782,726,1320,1049,466,140,42,2512,1994,19,45.3%
504,2023-08-01,Families,1251,281,332,447,167,46,15,1116,1422,1,25.4%
505,2023-08-01,Youth,0,1011,0,0,0,0,0,571,395,45,10.1%
506,2023-08-01,Single Adult,0,0,1891,1681,1292,1045,518,4281,2075,82,64.5%
507,2023-08-01,Non-refugees,480,566,903,1079,993,951,491,3456,1898,109,54.7%
508,2023-08-01,Indigenous,7,74,143,210,131,82,21,414,232,22,6.7%
509,2023-09-01,All Population,1267,1323,2320,2196,1478,1093,535,6056,4022,134,100.0%
510,2023-09-01,Chronic,727,591,991,1124,939,801,423,3385,2125,86,54.8%
511,2023-09-01,Refugees,799,762,1463,1147,492,149,43,2668,2162,25,47.5%
512,2023-09-01,Families,1260,283,337,442,171,44,15,1111,1440,1,25.0%
513,2023-09-01,Youth,0,1039,0,0,0,0,0,579,413,47,10.2%
514,2023-09-01,Single Adult,0,0,1983,1754,1307,1049,520,4366,2169,86,64.8%
515,2023-09-01,Non-refugees,468,561,857,1049,986,944,492,3388,1860,109,52.5%
516,2023-09-01,Indigenous,7,69,133,210,137,79,25,397,241,22,6.5%
517,2023-10-01,All Population,1223,1303,2322,2214,1466,1052,531,6011,3957,143,100.0%
518,2023-10-01,Chronic,717,610,995,1107,934,771,430,3347,2131,86,55.0%
519,2023-10-01,Refugees,806,758,1516,1228,501,153,40,2783,2191,28,49.5%
520,2023-10-01,Families,1217,279,314,442,165,44,14,1081,1393,1,24.5%
521,2023-10-01,Youth,0,1023,0,0,0,0,0,582,391,50,10.1%
522,2023-10-01,Single Adult,0,0,2008,1772,1301,1008,517,4348,2173,92,65.4%
523,2023-10-01,Non-refugees,417,545,806,986,965,899,491,3228,1766,115,50.5%
524,2023-10-01,Indigenous,5,63,140,197,138,77,29,389,232,28,6.4%
525,2023-11-01,All Population,1265,1327,2431,2341,1537,1068,529,6280,4083,135,100.0%
526,2023-11-01,Chronic,693,623,1096,1148,955,767,429,3450,2176,85,54.4%
527,2023-11-01,Refugees,848,786,1650,1336,565,162,39,3027,2330,29,51.3%
528,2023-11-01,Families,1256,274,328,443,173,40,11,1095,1429,1,24.1%
529,2023-11-01,Youth,0,1052,0,0,0,0,0,601,402,49,10.0%
530,2023-11-01,Single Adult,0,0,2103,1898,1364,1028,518,4584,2252,85,65.9%
531,2023-11-01,Non-refugees,417,541,781,1005,972,906,490,3253,1753,106,48.7%
532,2023-11-01,Indigenous,8,62,144,191,150,83,27,406,233,26,6.3%
533,2023-12-01,All Population,1264,1349,2464,2409,1527,1067,527,6376,4096,135,100.0%
534,2023-12-01,Chronic,687,631,1128,1211,946,757,414,3492,2196,86,54.4%
535,2023-12-01,Refugees,867,801,1687,1372,585,165,35,3108,2378,26,52.0%
536,2023-12-01,Families,1258,269,344,435,166,37,13,1086,1434,2,23.8%
537,2023-12-01,Youth,0,1079,0,0,0,0,0,623,411,45,10.2%
538,2023-12-01,Single Adult,0,0,2120,1974,1361,1030,514,4667,2251,88,66.1%
539,2023-12-01,Non-refugees,397,548,777,1037,942,902,492,3268,1718,109,48.0%
540,2023-12-01,Indigenous,9,64,141,199,153,81,32,414,238,27,6.4%
541,2024-01-01,All Population,1259,1338,2575,2549,1606,1125,547,6675,4182,142,100.0%
542,2024-01-01,Chronic,714,634,1146,1247,977,758,412,3538,2263,87,53.5%
543,2024-01-01,Refugees,881,794,1718,1422,601,175,37,3192,2410,26,51.2%
544,2024-01-01,Families,1254,276,337,435,167,41,12,1090,1430,2,22.9%
545,2024-01-01,Youth,0,1061,0,0,0,0,0,606,408,47,9.6%
546,2024-01-01,Single Adult,0,0,2238,2114,1439,1084,535,4979,2344,93,67.4%
547,2024-01-01,Non-refugees,378,544,857,1127,1005,950,510,3483,1772,116,48.8%
548,2024-01-01,Indigenous,6,70,188,236,171,86,35,495,267,30,7.2%
549,2024-02-01,All Population,1254,1338,2621,2647,1632,1131,550,6774,4260,139,100.0%
550,2024-02-01,Chronic,729,621,1162,1257,995,776,400,3549,2309,82,53.2%
551,2024-02-01,Refugees,867,800,1764,1486,628,185,38,3293,2450,25,51.6%
552,2024-02-01,Families,1250,281,343,436,166,49,13,1087,1449,2,22.7%
553,2024-02-01,Youth,0,1056,0,0,0,0,0,604,403,49,9.5%
554,2024-02-01,Single Adult,0,0,2278,2211,1466,1082,537,5083,2408,88,67.8%
555,2024-02-01,Non-refugees,387,538,857,1161,1004,946,512,3481,1810,114,48.4%
556,2024-02-01,Indigenous,7,61,191,245,168,93,37,502,271,29,7.2%
557,2024-03-01,All Population,1277,1277,2560,2542,1569,1081,527,6549,4149,135,100.0%
558,2024-03-01,Chronic,774,675,1294,1364,1018,764,399,3727,2480,81,58.0%
559,2024-03-01,Refugees,907,772,1778,1489,634,184,41,3302,2478,25,53.6%
560,2024-03-01,Families,1273,263,347,444,168,47,13,1095,1458,2,23.6%
561,2024-03-01,Youth,0,1012,0,0,0,0,0,582,385,45,9.3%
562,2024-03-01,Single Adult,0,0,2213,2098,1401,1034,514,4872,2306,88,67.1%
563,2024-03-01,Non-refugees,370,505,782,1053,935,897,486,3247,1671,110,46.4%
564,2024-03-01,Indigenous,7,49,168,216,165,94,35,475,231,28,6.8%
565,2024-04-01,All Population,1389,1276,2552,2571,1577,1073,526,6543,4292,129,100.0%
566,2024-04-01,Chronic,900,737,1361,1486,1049,757,397,3952,2660,75,61.0%
567,2024-04-01,Refugees,1021,792,1846,1592,680,206,56,3467,2699,27,56.5%
568,2024-04-01,Families,1385,288,369,510,194,58,22,1202,1622,2,25.8%
569,2024-04-01,Youth,0,986,0,0,0,0,0,566,373,47,9.0%
570,2024-04-01,Single Adult,0,0,2183,2061,1383,1015,504,4775,2297,80,65.2%
571,2024-04-01,Non-refugees,368,484,706,979,897,867,470,3076,1593,102,43.5%
572,2024-04-01,Indigenous,6,51,134,193,161,87,35,428,211,28,6.1%
573,2024-05-01,All Population,1387,1276,2516,2500,1546,1050,520,6391,4288,116,100.0%
574,2024-05-01,Chronic,1010,791,1499,1612,1103,756,406,4214,2887,76,66.5%
575,2024-05-01,Refugees,1026,788,1841,1589,687,207,60,3462,2712,24,57.4%
576,2024-05-01,Families,1387,280,372,508,195,58,24,1202,1620,2,26.2%
577,2024-05-01,Youth,0,996,0,0,0,0,0,560,391,45,9.2%
578,2024-05-01,Single Adult,0,0,2144,1992,1351,992,496,4629,2277,69,64.6%
579,2024-05-01,Non-refugees,361,488,675,911,859,843,460,2929,1576,92,42.6%
580,2024-05-01,Indigenous,6,59,130,170,156,83,35,399,214,26,5.9%
581,2024-06-01,All Population,1383,1256,2462,2480,1515,1026,505,6243,4267,117,100.0%
582,2024-06-01,Chronic,1067,829,1638,1696,1129,757,394,4387,3045,78,70.7%
583,2024-06-01,Refugees,1025,774,1810,1590,685,214,59,3425,2709,23,57.9%
584,2024-06-01,Families,1383,277,370,514,198,57,23,1191,1628,3,26.6%
585,2024-06-01,Youth,0,978,0,0,0,0,0,545,389,44,9.2%
586,2024-06-01,Single Adult,0,0,2092,1966,1317,969,482,4507,2250,70,64.2%
587,2024-06-01,Non-refugees,358,482,652,890,830,812,446,2818,1558,94,42.1%
588,2024-06-01,Indigenous,6,59,123,163,152,74,28,363,215,27,5.7%
589,2024-07-01,All Population,1370,1276,2428,2463,1455,1007,500,6119,4262,118,100.0%
590,2024-07-01,Chronic,1101,843,1714,1757,1111,751,394,4450,3143,78,73.1%
591,2024-07-01,Refugees,1022,775,1794,1597,682,219,60,3413,2714,22,58.6%
592,2024-07-01,Families,1370,272,364,507,191,54,21,1174,1602,3,26.5%
593,2024-07-01,Youth,0,1003,0,0,0,0,0,549,409,45,9.6%
594,2024-07-01,Single Adult,0,0,2064,1956,1264,953,479,4396,2251,70,64.0%
595,2024-07-01,Non-refugees,348,501,634,866,773,788,440,2706,1548,96,41.4%
596,2024-07-01,Indigenous,6,71,118,148,139,73,29,347,207,30,5.6%
597,2024-08-01,All Population,1383,1267,2415,2445,1477,1023,493,6128,4256,119,100.0%
598,2024-08-01,Chronic,1130,856,1754,1806,1140,758,399,4568,3203,72,74.7%
599,2024-08-01,Refugees,1025,785,1782,1585,691,222,53,3400,2720,23,58.5%
600,2024-08-01,Families,1383,279,352,517,194,52,22,1183,1613,3,26.6%
601,2024-08-01,Youth,0,987,0,0,0,0,0,548,392,47,9.4%
602,2024-08-01,Single Adult,0,0,2063,1928,1283,971,471,4397,2251,69,64.0%
603,2024-08-01,Non-refugees,358,482,633,860,786,801,440,2728,1536,96,41.5%
604,2024-08-01,Indigenous,6,65,113,146,135,82,29,342,205,29,5.5%
